{"cameraMode":{"drawMode":0,"name":"Shaded","section":"Shading Mode"},"sceneLighting":false,"audioPlay":false,"sceneViewState":{"showFog":true,"showMaterialUpdate":false,"showSkybox":false,"showFlares":true,"showImageEffects":true,"showParticleSystems":true},"in2DMode":false,"pivot":{"x":5.843999862670898,"y":0.0,"z":-9.753000259399414},"rotation":{"x":-0.20088808238506318,"y":-0.07134412974119187,"z":0.01468346081674099,"w":-0.9769125580787659},"size":2.8578836917877199,"orthographic":false}