{"cameraMode":{"drawMode":0,"name":"Shaded","section":"Shading Mode"},"sceneLighting":true,"audioPlay":false,"sceneViewState":{"showFog":true,"showMaterialUpdate":false,"showSkybox":true,"showFlares":true,"showImageEffects":true,"showParticleSystems":true},"in2DMode":false,"pivot":{"x":0.6392874717712402,"y":1.6365934610366822,"z":0.7775479555130005},"rotation":{"x":0.2705027461051941,"y":0.5267964005470276,"z":-0.1815069615840912,"w":0.7850940823554993},"size":10.0,"orthographic":false}