{"cameraMode":{"drawMode":0,"name":"Shaded","section":"Shading Mode"},"sceneLighting":true,"audioPlay":false,"sceneViewState":{"showFog":true,"showMaterialUpdate":false,"showSkybox":true,"showFlares":true,"showImageEffects":true,"showParticleSystems":true},"in2DMode":false,"pivot":{"x":-4.287121295928955,"y":0.8924576640129089,"z":-1.6608335971832276},"rotation":{"x":-0.026414519175887109,"y":0.8723362684249878,"z":-0.04742265120148659,"w":-0.4858880639076233},"size":10.0,"orthographic":false}