{"cameraMode":{"drawMode":0,"name":"Shaded","section":"Shading Mode"},"sceneLighting":true,"audioPlay":false,"sceneViewState":{"showFog":true,"showMaterialUpdate":false,"showSkybox":true,"showFlares":true,"showImageEffects":true,"showParticleSystems":true},"in2DMode":false,"pivot":{"x":38.78907775878906,"y":-61.031375885009769,"z":31.181732177734376},"rotation":{"x":-0.3995964229106903,"y":-0.33272871375083926,"z":0.15843166410923005,"w":-0.8394116163253784},"size":94.13736724853516,"orthographic":false}