{"cameraMode":{"drawMode":0,"name":"Shaded","section":"Shading Mode"},"sceneLighting":true,"audioPlay":false,"sceneViewState":{"showFog":true,"showMaterialUpdate":false,"showSkybox":true,"showFlares":true,"showImageEffects":true,"showParticleSystems":true},"in2DMode":false,"pivot":{"x":39.701133728027347,"y":-78.7799072265625,"z":27.986188888549806},"rotation":{"x":-0.46973946690559389,"y":-0.28272685408592226,"z":0.1618388444185257,"w":-0.8205838799476624},"size":108.68929290771485,"orthographic":false}