{"cameraMode":{"drawMode":0,"name":"Shaded","section":"Shading Mode"},"sceneLighting":true,"audioPlay":false,"sceneViewState":{"showFog":true,"showMaterialUpdate":false,"showSkybox":true,"showFlares":true,"showImageEffects":true,"showParticleSystems":true},"in2DMode":false,"pivot":{"x":39.16262435913086,"y":-45.905906677246097,"z":37.83678436279297},"rotation":{"x":-0.3342353105545044,"y":-0.2916358709335327,"z":0.10958553850650788,"w":-0.8895671367645264},"size":83.29911041259766,"orthographic":false}