{"cameraMode":{"drawMode":0,"name":"Shaded","section":"Shading Mode"},"sceneLighting":true,"audioPlay":false,"sceneViewState":{"showFog":true,"showMaterialUpdate":false,"showSkybox":true,"showFlares":true,"showImageEffects":true,"showParticleSystems":true},"in2DMode":false,"pivot":{"x":-2.8827924728393556,"y":4.3814215660095219,"z":-0.11789703369140625},"rotation":{"x":-0.09699402004480362,"y":-0.31160080432891848,"z":0.03199683129787445,"w":-0.9447455406188965},"size":22.0,"orthographic":false}