{"cameraMode":{"drawMode":0,"name":"Shaded","section":"Shading Mode"},"sceneLighting":true,"audioPlay":false,"sceneViewState":{"showFog":true,"showMaterialUpdate":false,"showSkybox":true,"showFlares":true,"showImageEffects":true,"showParticleSystems":true},"in2DMode":false,"pivot":{"x":0.9804792404174805,"y":6.3346333503723148,"z":-3.844210624694824},"rotation":{"x":-0.15583239495754243,"y":-0.3996351957321167,"z":0.06913302093744278,"w":-0.9007155895233154},"size":13.041478157043457,"orthographic":false}