{"cameraMode":{"drawMode":0,"name":"Shaded","section":"Shading Mode"},"sceneLighting":true,"audioPlay":false,"sceneViewState":{"showFog":true,"showMaterialUpdate":false,"showSkybox":true,"showFlares":true,"showImageEffects":true,"showParticleSystems":true},"in2DMode":false,"pivot":{"x":1.4341381788253785,"y":11.336139678955079,"z":-15.747589111328125},"rotation":{"x":0.3665635585784912,"y":-0.0014012947212904692,"z":0.0005521350540220737,"w":0.9303994178771973},"size":10.0,"orthographic":false}