{"cameraMode":{"drawMode":0,"name":"Shaded","section":"Shading Mode"},"sceneLighting":true,"audioPlay":false,"sceneViewState":{"showFog":true,"showMaterialUpdate":false,"showSkybox":true,"showFlares":true,"showImageEffects":true,"showParticleSystems":true},"in2DMode":false,"pivot":{"x":18.168476104736329,"y":-19.37268829345703,"z":0.5399538278579712},"rotation":{"x":-0.39865386486053469,"y":-0.38243430852890017,"z":0.18776406347751618,"w":-0.8121901154518127},"size":30.702865600585939,"orthographic":false}