{"cameraMode":{"drawMode":0,"name":"Shaded","section":"Shading Mode"},"sceneLighting":true,"audioPlay":false,"sceneViewState":{"showFog":true,"showMaterialUpdate":false,"showSkybox":true,"showFlares":true,"showImageEffects":true,"showParticleSystems":true},"in2DMode":false,"pivot":{"x":5.271971702575684,"y":-4.56442403793335,"z":9.461318969726563},"rotation":{"x":-0.22686681151390077,"y":-0.14025165140628816,"z":0.03304499387741089,"w":-0.9632430076599121},"size":28.685298919677736,"orthographic":false}